full_name,email,password,role,avatar_url
Olivia Smith,olivia.smith@gmail.com,123456,admin,https://static.vecteezy.com/system/resources/thumbnails/027/951/136/small_2x/manager-woman-3d-avatar-character-illustrations-png.png
Liam Johnson,liam.johnson@yahoo.com,123456,user,https://static.vecteezy.com/system/resources/thumbnails/027/951/136/small_2x/manager-woman-3d-avatar-character-illustrations-png.png
Emma Williams,emma.williams@hotmail.com,123456,user,https://static.vecteezy.com/system/resources/thumbnails/027/951/136/small_2x/manager-woman-3d-avatar-character-illustrations-png.png
Noah Brown,noah.brown@gmail.com,123456,admin,https://static.vecteezy.com/system/resources/thumbnails/027/951/136/small_2x/manager-woman-3d-avatar-character-illustrations-png.png
Ava Jones,ava.jones@outlook.com,123456,user,https://static.vecteezy.com/system/resources/thumbnails/027/951/136/small_2x/manager-woman-3d-avatar-character-illustrations-png.png
Oliver Garcia,oliver.garcia@mail.com,123456,user,https://static.vecteezy.com/system/resources/thumbnails/027/951/136/small_2x/manager-woman-3d-avatar-character-illustrations-png.png
Isabella Miller,isabella.miller@gmail.com,123456,user,https://static.vecteezy.com/system/resources/thumbnails/027/951/136/small_2x/manager-woman-3d-avatar-character-illustrations-png.png
Elijah Davis,elijah.davis@yahoo.com,123456,admin,https://static.vecteezy.com/system/resources/thumbnails/027/951/136/small_2x/manager-woman-3d-avatar-character-illustrations-png.png
Sophia Rodriguez,sophia.rodriguez@gmail.com,123456,user,https://static.vecteezy.com/system/resources/thumbnails/027/951/136/small_2x/manager-woman-3d-avatar-character-illustrations-png.png
Lucas Martinez,lucas.martinez@company.com,123456,user,https://static.vecteezy.com/system/resources/thumbnails/027/951/136/small_2x/manager-woman-3d-avatar-character-illustrations-png.png
Mia Hernandez,mia.hernandez@mail.com,123456,user,https://static.vecteezy.com/system/resources/thumbnails/027/951/136/small_2x/manager-woman-3d-avatar-character-illustrations-png.png
Mason Lopez,mason.lopez@gmail.com,123456,user,https://static.vecteezy.com/system/resources/thumbnails/027/951/136/small_2x/manager-woman-3d-avatar-character-illustrations-png.png
Charlotte Gonzalez,charlotte.gonzalez@yahoo.com,123456,admin,https://static.vecteezy.com/system/resources/thumbnails/027/951/136/small_2x/manager-woman-3d-avatar-character-illustrations-png.png
James Wilson,james.wilson@outlook.com,123456,user,https://static.vecteezy.com/system/resources/thumbnails/027/951/136/small_2x/manager-woman-3d-avatar-character-illustrations-png.png
Amelia Anderson,amelia.anderson@mail.com,123456,user,https://static.vecteezy.com/system/resources/thumbnails/027/951/136/small_2x/manager-woman-3d-avatar-character-illustrations-png.png
Benjamin Thomas,benjamin.thomas@gmail.com,123456,user,https://static.vecteezy.com/system/resources/thumbnails/027/951/136/small_2x/manager-woman-3d-avatar-character-illustrations-png.png
Harper Taylor,harper.taylor@yahoo.com,123456,user,https://static.vecteezy.com/system/resources/thumbnails/027/951/136/small_2x/manager-woman-3d-avatar-character-illustrations-png.png
Henry Moore,henry.moore@mail.com,123456,admin,https://static.vecteezy.com/system/resources/thumbnails/027/951/136/small_2x/manager-woman-3d-avatar-character-illustrations-png.png
Evelyn Jackson,evelyn.jackson@gmail.com,123456,user,https://static.vecteezy.com/system/resources/thumbnails/027/951/136/small_2x/manager-woman-3d-avatar-character-illustrations-png.png
Alexander Martin,alexander.martin@company.org,123456,user,https://static.vecteezy.com/system/resources/thumbnails/027/951/136/small_2x/manager-woman-3d-avatar-character-illustrations-png.png
Abigail Lee,abigail.lee@mail.com,123456,user,https://static.vecteezy.com/system/resources/thumbnails/027/951/136/small_2x/manager-woman-3d-avatar-character-illustrations-png.png
Michael Perez,michael.perez@gmail.com,123456,user,https://static.vecteezy.com/system/resources/thumbnails/027/951/136/small_2x/manager-woman-3d-avatar-character-illustrations-png.png
Emily Thompson,emily.thompson@yahoo.com,123456,admin,https://static.vecteezy.com/system/resources/thumbnails/027/951/136/small_2x/manager-woman-3d-avatar-character-illustrations-png.png
Daniel White,daniel.white@outlook.com,123456,user,https://static.vecteezy.com/system/resources/thumbnails/027/951/136/small_2x/manager-woman-3d-avatar-character-illustrations-png.png
Ella Harris,ella.harris@mail.com,123456,user,https://static.vecteezy.com/system/resources/thumbnails/027/951/136/small_2x/manager-woman-3d-avatar-character-illustrations-png.png
Matthew Sanchez,matthew.sanchez@gmail.com,123456,user,https://static.vecteezy.com/system/resources/thumbnails/027/951/136/small_2x/manager-woman-3d-avatar-character-illustrations-png.png
Scarlett Clark,scarlett.clark@yahoo.com,123456,user,https://static.vecteezy.com/system/resources/thumbnails/027/951/136/small_2x/manager-woman-3d-avatar-character-illustrations-png.png
Samuel Ramirez,samuel.ramirez@mail.com,123456,admin,https://static.vecteezy.com/system/resources/thumbnails/027/951/136/small_2x/manager-woman-3d-avatar-character-illustrations-png.png
Victoria Lewis,victoria.lewis@gmail.com,123456,user,https://static.vecteezy.com/system/resources/thumbnails/027/951/136/small_2x/manager-woman-3d-avatar-character-illustrations-png.png
David Robinson,david.robinson@company.com,123456,user,https://static.vecteezy.com/system/resources/thumbnails/027/951/136/small_2x/manager-woman-3d-avatar-character-illustrations-png.png
Grace Walker,grace.walker@mail.com,123456,user,https://static.vecteezy.com/system/resources/thumbnails/027/951/136/small_2x/manager-woman-3d-avatar-character-illustrations-png.png
Joseph Young,joseph.young@gmail.com,123456,user,https://static.vecteezy.com/system/resources/thumbnails/027/951/136/small_2x/manager-woman-3d-avatar-character-illustrations-png.png
Chloe Allen,chloe.allen@yahoo.com,123456,user,https://static.vecteezy.com/system/resources/thumbnails/027/951/136/small_2x/manager-woman-3d-avatar-character-illustrations-png.png
Carter King,carter.king@mail.com,123456,admin,https://static.vecteezy.com/system/resources/thumbnails/027/951/136/small_2x/manager-woman-3d-avatar-character-illustrations-png.png
Zoey Wright,zoey.wright@gmail.com,123456,user,https://static.vecteezy.com/system/resources/thumbnails/027/951/136/small_2x/manager-woman-3d-avatar-character-illustrations-png.png